Date,Product_ID,Warehouse_ID,Quantity_Received,Quantity_Shipped,Inventory_Level,Transportation_Cost
2022-12-06 02:19:19,14,6,89.82125011067818,107.37309658490082,84.77103844182308,9.413248674503475
2022-11-10 14:24:26,9,2,104.02018988247876,111.9335145457867,85.34713837667155,12.674465361879891
2020-12-13 06:11:58,35,2,95.90881637103426,98.01823830486363,107.71169630628626,11.17496958912939
2024-02-27 13:09:03,36,6,101.52544599152294,98.9481901985613,101.83642968666301,8.580677100743824
2020-03-24 08:40:22,41,2,132.05309437517974,97.54183927329036,91.62594357087029,6.954873976678164
2021-11-09 19:39:58,67,1,98.07911671027588,134.66312659659496,113.71441855054272,10.918553520611189
2023-10-06 05:00:29,17,9,127.69756302146622,90.63740702039007,115.42367340991042,13.47680366681502
2024-09-07 10:20:14,36,1,58.01096975751922,105.01254506529258,127.40661703414594,8.201790869994934
2020-05-20 09:19:41,23,8,92.73006994787048,94.3671235315083,103.91908080244919,9.728743715499029
2021-11-07 16:46:21,14,8,105.16193245509076,64.66437801648654,67.62591864317798,12.291061032371507
2020-08-25 10:07:49,72,4,1000.0,75.54656267331201,107.45227110038796,11.090665368283167
2024-07-01 03:12:28,39,3,1000.0,101.15809570288064,124.98325921307597,11.715964800764365
2024-12-09 22:17:27,68,2,1000.0,82.51420819323175,121.34405052674713,12.354510370055273
2024-02-12 03:06:39,76,1,1000.0,77.67327581256748,84.1943010724547,8.959632469510968
2020-05-09 05:23:10,20,9,1000.0,71.2905941590704,87.49765607358802,6.336960921078825
2020-08-09 04:30:12,32,3,1000.0,100.52229855652959,86.21626952720052,6.902821038235171
2023-04-29 09:52:45,93,4,1000.0,104.4817309027181,143.0822439064656,7.159627476338523
2020-05-07 03:29:24,59,6,1000.0,60.312571627270884,119.91905934611472,10.853875365057133
2021-11-17 10:27:01,9,4,1000.0,129.85330419367287,105.34814105128194,12.153650996511598
2021-10-30 15:36:16,91,3,1000.0,95.99867434721818,121.80593206774407,12.169117418464015
2022-09-13 01:56:48,56,5,112.3783885896399,1000.0,86.79907960624772,5.936589171422306
2023-12-13 21:26:37,10,3,74.6398054593563,1000.0,83.79805957973666,12.986794691661906
2023-03-04 13:37:25,69,4,81.13547086017503,1000.0,123.04317622017385,7.4677254972338645
2024-10-15 04:49:37,97,9,119.70420761590186,1000.0,87.29355677285702,14.695139581733796
2023-09-30 11:59:53,94,1,97.00897911027604,1000.0,116.40679161667411,10.355227578149655
2024-12-05 04:01:03,28,6,92.51683349062516,1000.0,127.29131710942698,7.989909372697542
2024-01-23 00:55:11,43,4,106.37303199604213,1000.0,91.28019347075104,7.64497255125881
2020-01-05 13:08:36,97,7,87.70859930554901,1000.0,103.07615444186413,9.92697513969952
2020-07-12 23:38:55,32,2,113.9199968277145,1000.0,106.39786330067238,5.931411513218603
2022-04-07 01:30:27,45,6,106.01853696653366,1000.0,59.85445828272499,10.415425558471668
2023-06-27 00:52:37,87,4,82.1371689588566,119.38418698127425,,12.226867158655295
2023-03-24 10:03:32,26,8,130.79874896598315,106.7184077456777,,6.0319793953964815
2021-01-17 20:52:26,20,8,104.81219936425227,97.93879987416098,,8.010803130059244
2023-12-03 02:46:30,49,9,96.22731485117349,95.9785143991423,,12.346249011877752
2021-05-04 16:19:59,38,1,94.21325092597716,89.01701777625576,,8.05903927255778
2020-08-18 02:13:20,58,3,99.41439576064394,110.03888572606024,,9.108782158614181
2022-08-18 01:27:51,53,5,124.91337524984063,78.90612403619562,,13.621625618397418
2024-05-20 09:46:01,86,3,94.031355237842,117.56262161471628,,7.796282233435628
2023-05-18 04:38:05,49,7,99.64920005641439,80.55778930346303,,6.182796959902851
2024-01-03 05:50:38,32,6,120.57153458146166,118.17703386873741,,13.719868629693083
2020-02-19 00:19:13,81,1,96.15109476128234,117.73586337691557,106.83531658982034,12.51148056261901
2021-09-06 15:01:26,42,6,71.25494725277369,75.76979099023472,114.91495433868364,7.763880604317242
2023-01-14 23:43:19,21,1,138.48296442791283,100.53248990177647,110.36322464347741,9.242852103002576
2022-08-31 18:47:12,32,7,138.99264357576692,68.23558621614143,114.4277418606512,8.579481150491375
2022-01-10 01:51:58,59,1,93.44895912310892,107.3369601282396,89.07415067453456,14.47715577219762
2022-04-19 08:37:32,48,9,63.76119198563973,45.41654962512399,74.71887225608484,6.149434232949499
2022-08-27 06:06:51,37,1,87.88182460237257,94.65738228027402,111.16726639766617,10.849088882377288
2022-08-19 17:20:39,58,2,97.35518802084808,98.10929067153008,59.641261115070165,10.359925880003539
2020-07-17 09:09:01,30,5,113.08976981884234,112.04834729741138,86.28834539544738,8.451507801190736
2024-03-25 16:11:46,78,2,109.49431857146891,76.95263204092258,100.17736747586866,10.077764448374905
2023-03-21 19:20:16,54,5,106.64100246686415,94.99826150333955,114.75824969028821,12.220258734326492
2024-02-09 08:37:19,9,7,90.38387721318965,57.095605018179036,106.42467602168021,8.367667126522647
2021-06-12 06:50:34,82,7,94.36273727376187,74.47280732166246,69.91979447078732,11.979619129451079
2024-02-25 01:45:26,26,3,88.64813222780784,121.40556804294577,97.30939162958786,7.66527441252924
2020-02-11 11:55:01,74,7,113.10739427268535,104.18618238830811,100.82681201864085,9.917907002778701
2024-08-26 16:28:54,82,8,107.02754964708582,134.48123200913466,108.72871115081355,7.807725852515556
2023-07-26 11:33:08,23,6,133.60925547165323,104.37354842076496,81.40430200502531,11.095158517637557
2024-10-13 19:32:17,74,8,120.93584839900603,105.16959690354922,114.11534300713794,9.315373671814108
2022-03-11 13:30:09,63,1,89.82182489656068,118.60744494139897,135.5862158665073,7.171397859386955
2022-06-28 11:30:59,20,7,81.36396278679517,106.32012455461475,127.9942530155578,8.107986806338937
2022-10-17 15:00:58,23,6,76.49376068974642,84.6449400044859,62.25998645577362,9.279103501651639
2024-12-22 06:37:02,61,4,89.73277936719772,96.58015330758137,113.5525524649806,11.70793442141651
2023-02-11 22:10:14,90,8,94.1801029745714,104.58755668603361,75.76382953626599,10.577062175861501
2020-04-17 18:22:18,20,2,112.15010274500162,79.72757154370967,134.5027788731772,9.120771113352292
2020-02-08 11:23:35,21,2,104.73871078429148,91.53999933150313,82.5681688598885,10.561568906586375
2020-03-03 09:49:40,56,9,100.02130037031573,99.81022048490935,97.24826095580096,8.037845959799014
2021-10-18 08:43:03,98,6,69.42119439420922,106.03888195543098,95.22385422536415,8.0102097771848
2020-12-25 03:28:32,25,1,97.8015998483757,130.26406621832567,80.42264307669804,6.86593737018034
2021-09-07 06:43:54,8,1,109.16241891297955,122.79644706637046,136.82708215142202,9.756497791228654
2020-12-07 14:32:40,94,2,99.5313862816279,135.75431970802904,136.62707346660554,6.555850103001937
2021-04-29 18:39:17,31,9,91.16040780851986,60.43091797043441,129.43758195634297,9.53227237338921
2022-10-20 23:03:25,18,5,80.3460588661875,99.03941246773353,72.2905974420395,11.239131334701446
2024-08-06 16:45:16,3,8,109.94764050645088,130.45186971940046,88.3899487923034,10.688190103274335
2024-10-08 08:17:27,49,6,97.65051442646923,121.97200019905914,103.58785867559713,12.62251301287576
2021-04-03 14:38:58,38,4,78.7434052668762,110.10452146688371,69.99333230892185,10.489398485087325
2020-10-06 01:37:11,25,2,122.28363980009634,90.62913614209207,76.5586882729083,12.377994156570551
2021-07-25 23:15:51,61,4,117.50588995025818,104.74459613146779,79.03215750460149,14.39870112804702
2022-02-17 15:01:37,47,6,94.86467191825577,96.29137893977844,92.29483320141347,12.39640321066991
2024-08-16 00:07:26,80,2,131.9120822152937,128.32511122772462,89.3954534462687,11.978010554137029
2024-02-25 08:23:14,64,7,98.85722729589236,82.29566409631533,140.26593358658644,9.4764082615716
2024-03-30 10:39:01,20,8,125.28498316470917,120.12393216274243,83.3076268989287,9.593817834321786
2022-02-20 23:59:54,90,5,109.56803255639218,101.16175806979456,121.02176141707409,11.703703597318126
2022-03-10 10:59:29,13,4,101.58593241324961,52.02912403402457,97.89742023039145,11.66814399672126
2024-08-24 12:19:20,3,9,97.33640245323778,83.87123917892279,107.44076732201894,12.799204776286292
2023-12-20 07:35:22,93,3,82.26704551030275,104.838858356476,98.3048546483165,10.649920951301553
2020-05-24 23:27:41,91,9,110.11178663735352,126.06803240133544,79.93351088092327,10.315759038767364
2022-04-12 14:13:04,54,4,73.19945776823445,141.03145164762205,125.3989564810511,9.50536802496985
2022-09-10 14:52:45,79,7,59.15583177150273,88.91347751897423,112.02743966282873,9.717973414200658
2020-08-20 08:58:12,31,5,91.51087484457882,78.80898326565955,87.71438367543129,11.88309053423362
2022-06-05 01:00:50,85,6,92.52452611474581,117.22956605500208,106.36370938377442,9.199278674473684
2020-02-18 18:21:27,22,5,82.31158090952064,80.71261179524623,73.18205217946385,9.99663341696782
2023-12-09 01:25:54,15,8,96.23131430009445,133.74265381312532,110.54137397801637,13.758081090194505
2023-04-24 20:34:06,73,3,109.25742776245656,73.49950438497658,115.62379608312801,9.357947856803882
2020-11-23 10:10:43,75,3,112.67454633277808,100.36490584457815,107.56619839245494,9.101466276331843
2024-10-15 13:12:17,11,5,87.88135868686672,128.72267582676875,91.35316887006661,11.618375249252209
2024-11-24 13:56:45,26,2,78.92580780966554,111.2575873774802,94.94796732909565,8.930286355769624
2021-12-13 02:56:45,97,4,57.528697980173476,91.28259243426334,135.90646927058077,8.455444572159696
2024-01-23 22:43:16,58,8,124.18955274719669,78.28604546941588,128.7837224838251,15.047915749338554
2024-05-21 11:52:24,65,4,134.1754243884448,101.33133386011357,113.87872595985431,8.9780557179059
2021-10-16 13:37:05,31,4,137.65514278553928,114.96599683621454,88.9092577373949,6.295026362192267
2020-01-10 16:24:35,78,7,93.10541002874997,129.1788129094704,119.63118627530739,9.892313222650355
2023-01-03 03:17:36,45,2,92.3941930633093,131.53777197675362,81.75054533944666,8.89164413852199
2024-05-29 15:53:28,6,4,122.54828847228606,88.65638829694295,91.16397308263977,10.38125672201872
2024-05-27 13:34:01,90,2,108.04627177614483,98.11164498269468,85.47268571799128,10.869235891160038
2024-02-27 14:32:34,95,1,74.42011838387293,115.44516002696551,88.24769560222362,10.277167839041173
2021-04-20 21:18:18,5,7,91.25014288170092,96.84885549504631,87.6122475498943,7.830373394477001
2024-04-17 10:37:20,11,3,92.18569048975014,77.21831079588212,69.28488629335916,10.56337802437857
2020-04-17 01:35:57,91,4,90.88866593686475,66.33555536516057,110.4047735158046,6.829040534990313
2024-03-28 17:56:05,95,5,71.54826005539132,84.26235035988492,130.55122268343564,9.336737555683277
2022-03-31 22:20:16,28,6,94.74649974623695,114.28974651110254,93.22202142121984,11.27099467742693
2022-12-14 13:10:01,39,9,131.33049255815277,111.37923693693756,118.61406167954003,9.850327919735474
2022-08-13 04:06:24,72,2,105.29804313936023,121.70936705613813,89.925546623703,9.778376952140066
2024-03-21 10:53:38,87,1,111.56886091074703,93.74433884770497,109.26413363767632,8.59603443963383
2020-09-06 17:12:18,85,6,156.1997621060567,66.63578779407615,105.97440625300145,9.861043742214866
2023-11-22 07:13:10,31,9,114.53914098930524,51.00659103875373,67.35234976911164,9.399757686292494
2024-10-23 09:51:29,58,4,132.87988350174078,68.67905531654128,90.86453905802445,9.95207847734261
2021-11-06 08:05:16,2,5,107.26056954274206,73.41152579586843,67.89973260675526,5.625468827335054
2022-12-08 19:35:08,86,9,80.23189601426209,123.21875185980608,117.20638586100367,12.542273999375839
2023-10-30 15:25:01,52,2,81.72643194345115,116.3333423538233,136.29188516730466,13.314186423290149
2023-05-15 19:54:30,52,1,125.52327056209364,82.1301961214099,110.4534242406467,11.031306926139298
2024-11-23 21:19:56,97,8,83.79877212756445,85.39249294274985,110.33286711546089,12.025672874556232
2024-11-21 15:28:29,10,3,97.69294198461506,99.49175314664159,105.26287224149286,10.099150656284738
2020-10-28 11:23:25,14,3,96.43544237751321,121.88722065200221,114.18634382250693,9.830823164460792
2021-04-18 11:07:31,33,7,111.51241877316706,44.49953215347203,82.67471934056138,11.615115525751001
2023-11-22 03:14:15,31,6,136.1765874167061,110.43993603541273,104.88014995462217,9.389342657038114
2024-07-30 09:56:56,94,9,118.2170989550115,114.75179830083098,124.72710695581051,10.149670763996077
2024-03-24 14:52:12,56,5,91.96156467316666,100.9600685964659,98.95446305252774,10.094780979930547
2024-06-15 14:38:20,93,6,145.75742672144236,106.62615137734248,41.872247547693355,10.044734545746282
2020-01-16 12:21:25,41,4,92.68450098089848,88.96433704012863,95.64175810709384,9.968858769691906
2024-04-07 03:17:51,86,6,77.33818425624702,96.1322343527846,91.52595278474455,13.156157044771895
2021-05-31 17:27:07,7,9,113.15200128796596,115.56958266193031,90.9363039932343,12.983034020775902
2022-12-09 17:04:49,1,6,104.0591142317858,82.03743425818084,125.90924148137042,11.14960294263224
2021-06-18 01:02:45,2,3,93.18670319826018,82.03449682873443,108.50467210573092,8.898143793564428
2024-01-12 21:40:11,46,5,114.70081775407542,100.39367869036087,144.6930666422493,11.63108559144559
2020-02-22 06:14:21,31,8,78.83083417317371,112.67645808278752,75.50059353212679,10.837593663604121
2020-12-24 12:28:46,45,2,74.3412849066251,66.44797442221106,83.35488790222637,12.87507604768194
2022-01-05 21:51:09,52,1,89.976275998083,89.86030840840083,107.22119620534518,4.567238192740125
2023-02-05 10:40:03,80,4,71.58320027000903,68.79862347827955,118.18089177357744,11.419462258965412
2023-11-29 16:38:01,6,5,111.95440193751335,118.26688197435948,117.95886027603103,12.962418787421246
2022-03-20 02:58:58,84,9,85.41966681228976,97.36429235682635,96.17173840506321,9.623576228810956
2021-03-16 15:34:19,48,9,101.7282726228098,41.058400780532025,70.1484059352424,8.9547326116764
2022-05-07 09:39:24,76,8,118.41605541528698,96.87783263142423,103.64269512058718,8.111867149849058
2023-03-23 10:50:08,31,7,110.80956146541746,77.10086741914975,72.41152284345645,11.05204986453609
2024-12-03 00:04:20,41,1,108.1009379678258,113.95132281345346,92.87960216198275,8.835193603615679
2023-11-15 16:11:44,29,5,92.18723893044648,95.80874207578168,81.43887242463553,9.299470829554593
2024-03-17 03:53:21,72,6,85.38877959404704,105.24517658764653,105.40077064314983,7.388602522196267
2022-08-14 20:41:36,48,1,90.42065989028899,89.51917795838449,92.77772584757825,7.443317240628552
2020-05-14 11:36:01,75,9,118.60296486959643,113.27961928075761,103.12163540420835,7.303456102436458
2020-03-21 08:32:14,52,9,103.68686659153732,107.14333778114472,92.78789299207085,11.774668133278062
2023-07-18 05:10:20,32,6,82.49307527763457,94.59605130019825,136.00423774505575,8.94614115399764
2023-08-08 09:23:15,32,3,120.90165349231191,121.7834471046461,107.52150970242728,9.063021735181886
2021-08-23 02:52:00,70,6,114.96077266341038,123.4791939196846,101.28252785705007,11.849335904862173
2024-01-19 01:50:55,35,9,91.20998321630798,132.020824198964,72.44938480943858,8.93644775345274
2021-12-23 02:25:23,58,6,118.87994724247457,80.86267809404978,120.662397941239,10.756398991141154
2024-10-24 10:57:54,11,4,82.23466198351105,124.03870262206142,77.93993888913575,8.67314861791793
2022-08-29 15:20:31,59,3,115.35364189961142,103.21431771711605,109.9292909128556,11.854530499907225
2022-08-05 04:26:24,72,6,68.18588172434698,118.4399358197735,100.01355149033044,7.445699788269691
2023-07-29 02:36:36,94,2,67.34808043464972,79.24853128812933,95.23939818567943,7.61509323586383
2024-02-20 21:09:43,54,8,102.19708279577368,93.29320239808473,117.69961105578656,6.706260383919437
2022-10-08 22:33:50,58,6,95.9572939973817,61.41675695057223,56.694560040426836,12.63039935224215
2021-12-23 11:42:00,23,9,65.2170683940873,91.18316393826716,91.67036836106291,11.146241772528022
2021-06-24 17:32:59,6,2,95.51528396473249,92.07618247426352,106.196676602502,12.956519234153287
2022-06-14 10:18:51,26,8,117.71400966980472,116.41230339886002,91.32447584973619,11.028877017817745
2024-08-13 18:47:11,64,3,112.15419479698652,74.85570704351267,66.63474539505106,9.628586453061988
2024-03-02 15:42:12,91,4,71.85168155357397,105.42045820674721,131.85732241060114,10.563522807333548
2020-07-06 07:50:24,31,1,83.46857714168053,107.96526000615555,117.88524574352769,10.841017769008772
2024-10-28 12:48:07,63,5,78.79108042513009,71.04267042419431,61.91586082239601,8.124957253638433
2022-02-19 11:57:55,95,1,128.76543673711734,95.36125445605144,52.246036460768806,8.122430225047468
2020-09-11 19:47:33,92,7,73.07285860191885,116.05994449745499,90.4477865346995,10.777039979191498
2021-12-15 01:39:45,62,6,103.80998777982191,88.87257343718285,102.94522634987243,8.980915565684082
2021-06-21 12:06:35,3,8,93.00127452341206,83.49299476525198,100.50795986835571,9.648921309231577
2022-08-26 18:56:29,18,6,139.261417407706,100.24930947413193,84.06779193611231,9.450803689933872
2022-06-14 11:12:23,30,7,118.54917935643346,97.29612184889969,80.13955143253526,7.872074170587695
2020-08-16 15:55:48,4,8,75.42733452535337,106.19748181551945,100.18019591808508,11.986648812931554
2022-04-18 15:05:35,99,7,133.13401353875918,85.25198211207908,115.29623440159337,7.2367006897738975
2024-04-05 04:53:37,58,4,114.29241670401234,79.49769676716835,126.24475277146136,9.861513563664449
2024-09-09 10:09:27,51,5,98.37928634105643,69.51841968579141,120.68558502052818,9.029361656943001
2023-05-21 12:14:02,44,4,96.82739942166428,123.3416269941044,126.57395031887795,11.075824314406043
2023-06-11 00:15:36,90,1,76.72220169035158,88.1741914434302,121.49002655375504,11.830465578658883
2022-10-17 07:17:37,97,9,102.06818561851195,79.66725769805035,50.290914556410996,11.713832317100934
2023-10-27 13:38:51,87,4,133.80127320680458,89.59402570910719,106.39189149975178,13.19671912751489
2021-05-06 09:09:10,85,3,111.44186690176255,74.21296845808841,113.19887202085593,11.305076000942506
2023-01-25 23:41:07,94,5,115.42220904819618,77.41085691143937,129.4965894781343,12.183195432668573
2024-06-27 08:59:36,68,4,103.72331090586198,125.6436521011575,94.60200159141152,12.085600196135431
2020-04-13 05:40:14,57,2,77.06494512752667,104.64207657032807,87.64275862678437,9.619209803700386
2022-06-01 11:40:28,45,2,99.64946806549965,130.9686525954913,117.56994719762328,10.512782742527305
2020-03-08 08:51:35,77,8,103.91208881273427,76.1457509487201,67.2317504929056,12.796014629187185
2023-04-21 00:08:58,24,9,114.42552165114988,108.97728383292934,94.44928724547225,9.318630126730564
2022-05-16 00:11:31,37,1,112.74479715292888,108.82871165873922,165.4154189760538,12.514372267740455
2023-11-18 21:49:37,47,3,85.27564010893181,98.7563519073631,116.31349249866611,9.092815332554629
2023-06-07 20:48:22,82,3,90.75072821976633,85.8204116417443,116.35921335992867,8.38973931288138
2022-03-20 09:33:22,10,2,100.44864606473472,89.48028891499767,82.91312351305238,9.16508473651766
2023-10-30 10:44:47,86,5,81.17800239920606,83.87810495169303,92.95211378977311,9.758268540393814
2020-03-17 01:33:22,48,4,100.84055551619377,70.21475440339239,74.26093031389864,8.860966800455266
2021-09-08 23:47:55,54,4,65.43617922081295,81.36682469668578,124.01899645581298,11.698336478680448
2024-08-26 13:58:23,68,6,97.78734861118316,98.68740101136517,88.11262242203757,12.942452433842291
2021-02-19 05:19:15,25,2,106.13744939641185,99.31712883550108,56.86520492867644,13.10378787122131
2023-11-02 03:35:37,54,6,86.76847234309317,121.15365494839487,119.58456261295407,8.1782973121709
2024-11-29 04:06:50,81,3,83.28655044128583,95.90341263658445,81.63832685992651,11.042725410793288
2023-12-08 06:07:57,56,4,111.53968556508573,85.19083408683258,94.57159836063317,8.11592712120277
2022-07-01 05:26:30,51,9,133.12175729013586,107.48687258712171,134.56017156662617,9.808656276572288
2022-02-12 10:26:32,63,4,95.21494279362004,81.62052095598474,90.40994916355494,9.60176041073363
2020-11-20 06:37:52,73,7,94.31758905408977,116.72891950255237,96.66371822083036,7.665586755935708
2023-03-30 23:08:22,60,9,62.46958737070803,117.63061339812742,130.34477535512661,12.546604230314454
2020-11-01 00:12:00,95,2,98.1994417872899,124.23980073062744,72.90075239003816,11.93816130061689
2021-10-18 13:27:26,31,6,124.95850314597604,67.112838759908,86.40852669083338,13.490808278433153
2024-06-26 22:58:29,11,5,123.9431453435236,101.63351248444596,81.04696919961665,11.666303019249973
2023-02-13 04:28:26,12,7,113.82322246828555,98.43688780567257,96.90917958525786,10.7044309117786
2021-05-06 19:39:21,30,9,81.67058368696965,59.255721960009765,111.47597593480891,8.74403864539432
2020-01-06 04:22:32,75,6,110.11229673394868,87.69388308357314,73.12422518416435,13.898593588997175
2021-07-16 04:30:18,17,9,119.57372476880127,109.53562967038496,101.75949021145993,7.633722577614271
2023-06-30 17:06:59,27,4,103.47700523433603,147.83635799487791,111.70968960384938,8.600503437421093
2021-06-16 22:04:45,74,1,121.02415399474125,113.61232220052653,100.71923426376297,9.370869664971691
2021-11-20 16:33:11,7,3,79.83650784465505,93.68698903904185,117.11373960957528,10.648042116136592
2022-05-02 18:39:18,80,3,127.88726789470758,93.25624790401378,102.35330833557964,8.803940810635993
2023-06-13 05:52:20,55,4,92.89837647025824,99.6425215486773,66.88055403913648,10.239722148174362
2020-11-21 03:14:11,19,8,131.8191646127297,92.4161726788193,115.44478049915733,13.111485803498523
2023-06-26 11:17:16,25,7,107.574863068951,117.00540701296129,85.01850070993547,9.371843610368874
2020-03-15 02:07:28,78,9,69.60641802062884,122.37308369013004,97.62591417031074,10.790155375322108
2024-03-08 20:14:59,85,6,122.61729758774648,110.23197893277631,84.47375041119514,12.263041319755013
2023-02-26 11:56:54,45,5,105.09754426738658,118.92540295335598,136.0867398758008,9.261015440543652
2022-09-15 20:20:22,12,1,90.03313709752243,73.8352125104933,102.62577203862045,9.98517108326996
2021-09-29 11:21:20,82,6,96.95051400681143,121.19250667589745,122.25196950796118,6.377607519107395
2023-07-26 23:08:46,49,8,111.68500320047485,91.72718952587435,50.39848703353644,14.042331436290848
2022-10-21 18:53:32,88,2,94.16366854804143,120.55977761407473,60.70617583355002,5.031416810418139
2023-09-05 19:55:31,4,6,107.4637626688887,80.26007271667312,113.4170696901584,11.47146632508069
2023-03-06 01:55:08,38,7,104.26624189065699,90.93475361909029,69.43384256819809,13.35227150915858
2021-06-12 03:54:50,85,3,114.15149942239256,79.63404385383127,135.81554343546614,10.385221632374769
2021-06-23 13:58:01,50,1,74.18210858954046,114.56643906066277,126.80928964673885,9.10373310222343
2024-06-05 05:11:30,50,2,117.12980950673304,110.16638065125642,99.75807955735506,9.132401990341117
2021-11-06 22:58:26,7,9,114.44065409981317,110.28981816953991,116.85916466673629,7.684242040643705
2024-11-21 03:25:09,80,3,127.16482753514458,71.1347764394839,94.15247853367526,12.45858143518352
2024-11-29 15:56:46,70,1,97.92256310078778,120.14077187967399,93.98448607235258,12.200638884517968
2022-09-08 14:00:23,35,7,82.19400404594126,121.42579867471761,110.87936260130701,9.031687088083734
2021-03-21 12:54:48,92,5,54.088886477694935,84.44856209455514,101.34222892595496,10.524584973473555
2021-09-06 00:57:47,9,8,142.63383388166068,77.68180948129542,98.83455914505824,8.618962173266713
2024-05-15 21:28:58,46,7,112.17827442402142,122.78770416316304,95.26944380555517,11.085111594315682
2024-08-20 15:33:24,64,1,93.5466483622868,98.8443961129496,103.13165081110176,6.469772171245877
2021-07-04 01:20:47,83,1,76.49704214616747,118.35791023882908,118.59761686751554,11.251281244605472
2021-10-18 00:32:03,11,6,117.46477657069302,46.96949870796708,69.24240325138915,10.929406137768375
2023-10-10 04:13:22,56,6,125.57614384488404,68.53697997611016,78.6288016906926,11.140416276959149
2020-08-16 13:29:36,25,2,99.80080587468078,88.82135635865922,119.01510885970345,7.730185353674813
2024-11-13 13:30:05,60,3,96.8257552151083,113.26648881018933,103.70967776924881,8.54083565070193
2020-12-07 15:40:30,19,1,101.11610972434087,122.02998434978605,86.81328443337767,9.072969909270437
2022-10-01 12:31:29,65,6,80.3778238186483,92.9520147983551,92.75312903336591,12.871475796550811
2022-06-20 16:10:16,13,6,109.10312170873436,100.15760308909601,89.828587248772,11.428564427790246
2022-10-14 19:40:07,1,9,101.47432243325288,80.84884285581464,97.55672095871076,11.414873984145416
2020-01-25 12:05:55,45,7,75.52129375176747,65.90386903360667,103.73791012341931,8.36020870445005
2020-09-11 01:47:29,67,7,149.58288991892493,94.41235653916976,82.37736083212499,10.387137268941023
2021-01-07 10:33:23,6,9,95.91965427668293,118.1848391775733,77.34967758839882,14.555519367221487
2022-11-06 08:49:04,93,2,78.49487578192682,120.21414158863179,132.44236031597026,11.698067210091
2023-02-18 10:16:27,51,4,101.52087104543389,107.2448196928018,77.41182016173963,9.149262750114847
2024-05-29 01:35:15,71,4,109.29585375634859,74.57067166501949,91.06606008155818,12.13763015883615
2021-01-02 10:12:24,42,2,95.93911410114195,69.65373564072272,94.55169279373239,11.163816981554165
2024-06-21 13:55:30,31,5,100.63201442308367,96.38500949826295,111.4600292860965,8.463561663707642
2023-06-08 16:56:46,33,7,78.05301298975942,99.67440609883712,116.39494694283731,9.798658596345785
2022-09-20 13:56:57,53,8,130.29283831855994,60.85888187451934,104.85202219322153,10.22749522687207
2024-11-06 02:31:11,99,9,100.61064799361067,43.48744175605616,120.20746317306147,10.100535084494188
2021-05-28 02:07:34,24,8,79.50815864098058,84.55144248248507,124.16095975416401,11.808985326850715
2024-12-23 07:39:56,51,4,96.76192183867059,81.12903556928754,133.27922345294215,13.582249649917056
2022-02-11 12:53:06,97,9,98.20606303804317,102.1521997339243,86.67796621432424,14.041291210991105
2023-03-16 22:34:23,69,8,106.24803351634743,125.9906680687056,108.74186580897523,11.62200101580041
2020-11-14 14:47:51,89,8,89.11784574234659,88.26462839213083,99.51224984989702,12.534181068546198
2023-07-20 07:48:28,16,7,76.39310643873883,89.64296592092234,84.67115804686003,12.328571788475053
2024-07-30 08:26:45,23,7,107.25195256007193,117.95893021693671,89.81115810505092,10.803501108691771
2023-11-12 23:02:14,30,8,92.89186222998003,74.01017777683168,104.26998126079641,11.155312819996752
2021-11-23 20:12:31,72,3,91.16353455851429,110.46149416960853,93.17671273625828,4.446395803216679
2022-10-05 23:56:33,10,3,138.83785440535814,113.83278068494072,100.00888261734868,8.486483810111892
2024-06-27 03:10:56,31,8,103.77475341436228,108.59522546326266,113.20261458258636,11.73212363123272
2024-01-08 18:31:05,39,5,113.6895870580802,119.72181621798686,131.92852247601465,8.789695695351254
2024-07-15 16:36:58,49,2,123.71684863164921,108.7265672182909,56.526126386210166,12.120252180180072
2024-11-03 02:07:08,74,1,112.62383646378069,77.54905080662613,71.83188074878929,10.65186166848084
2024-07-24 11:00:40,99,4,73.9833541944585,61.61138315964733,118.16401974040288,6.8071014816966695
2024-07-09 11:17:51,36,6,68.94258794584265,116.56732042159918,137.7107261942812,12.468333113096092
2023-10-11 23:19:40,90,8,108.90092304405196,110.7050888616943,88.00419231828712,9.770471573374241
2020-10-10 15:26:32,37,1,90.87501276968834,96.64065934492118,97.53962842055977,11.925240560468223
2022-05-22 17:41:24,32,8,93.17091846024925,89.21895375026274,78.43164070851876,9.308359415293538
2021-09-20 00:32:24,70,6,107.12465899772764,111.66562859666855,97.7585257717579,6.964165468547978
2022-10-12 05:13:00,17,7,113.86013730556043,93.40622419597986,102.25082490694857,6.656168379670632
2020-11-20 04:04:07,87,8,90.91420438409249,110.46236311943714,108.75360593799373,10.390691162706561
2022-04-01 21:11:54,11,8,84.64620551752428,94.12998256230065,72.68648167049832,9.914838288045152
2020-04-04 05:28:00,72,2,90.73094686450342,117.69984111722567,87.96897978580225,10.595201430650349
2020-06-07 22:14:34,49,5,56.39992341010186,136.4294666255949,97.66115261335122,11.911243296120167
2024-05-11 01:11:18,40,3,79.08680804584591,118.14063736215468,63.59079187603022,11.114846632280223
2023-03-09 00:44:37,4,9,63.625184910256735,124.6354391517491,125.45761718263368,7.354874296261044
2021-08-20 22:27:57,66,7,72.29745834632261,118.01604483088425,89.82404845850624,8.711099878352123
2021-06-12 22:01:35,92,1,115.11857031465759,73.19941690708347,87.73446474481149,11.938793647093295
2023-04-21 07:07:16,84,2,93.6058019604152,92.35575640125862,76.32860018129902,11.021676867477405
2023-10-01 13:49:28,90,3,88.34070113617963,108.86792663584475,89.35200322845158,11.90086825472391
2020-10-14 16:00:34,97,1,87.58855155125624,53.74988985263904,73.66338262752444,10.800891186875218
2020-07-17 12:17:26,68,9,95.4600637030091,72.43704394152772,125.4013794398731,8.312666977520701
2024-03-05 23:30:38,11,2,64.36808345447147,115.51295073231628,124.97153259365498,6.260101353558842
2020-05-11 15:06:18,47,8,143.89598055928604,77.46976883599237,58.71814092768282,12.014886142473435
2021-12-22 13:50:30,22,7,120.90433578982936,94.81562731661467,119.46532041093054,11.005451391308219
2023-01-04 17:31:17,19,9,116.23828036705982,84.56824048537364,98.71077595994913,14.795019465974004
2022-04-29 11:15:50,87,2,103.98063730351558,126.1776216694955,105.32813714435333,9.26724395101633
2021-04-01 08:21:25,45,5,103.5869633619916,97.81181732229827,105.94988552917599,11.713260508661747
2021-06-20 04:43:31,76,7,95.29006202795317,67.20042324942001,112.31579460270467,10.205027628637716
2024-07-07 05:03:24,56,9,94.56038361451199,120.17741236470478,106.23964960593337,10.913307380119395
2022-06-29 19:49:04,39,7,76.89350352211228,115.91420062397367,122.27122047228713,10.129436928482706
2020-02-20 04:38:49,77,1,85.4780278311185,53.57541207569332,143.87179767777008,10.312275675733586
2020-05-09 04:26:19,77,7,87.31154454242643,101.58639340625874,68.6507990927541,9.397335367735511
2021-07-23 05:44:59,49,4,88.6307713353327,58.76454355391064,106.92403345922469,8.422693606008448
2021-01-31 22:20:17,88,6,120.09509668199334,127.15229065483933,74.88467931142114,10.083446077275822
2020-08-28 16:21:04,40,6,97.06056449958038,121.76993823870822,120.94143884404514,11.655596543848384
2022-02-10 22:10:54,61,8,99.40885782687583,119.9126279040731,91.17567800779634,10.789871443984083
2022-03-31 22:44:16,76,4,107.68139870545525,87.37487317185943,125.44106544612828,12.773788154145299
2023-06-19 16:31:25,18,8,108.5343288020218,120.4102709892953,96.26702898324469,8.555808824967652
2023-07-20 15:42:36,38,4,66.83915535241246,100.19020582143717,94.73217210740188,10.896127540199984
2021-07-08 15:16:18,29,8,109.25102328969187,101.54050371241998,128.85888771572314,8.307952343481315
2020-10-20 10:26:12,21,9,117.61620852428447,108.67925726929761,83.89905000286143,10.15578361013473
2021-11-20 06:02:58,48,5,100.03163341608872,100.87207219827648,92.68473138927405,5.92269003813667
2023-01-19 18:39:29,21,5,100.1042115675457,93.76221456543102,68.25736823725317,9.900174308109552
2021-08-22 06:09:47,6,3,121.97230677266201,83.85348226976129,126.522233342546,9.313798263592762
2023-05-06 09:12:09,45,1,102.66447086050927,89.68130300352192,108.90809558012035,7.635247965186396
2020-03-20 09:19:29,42,6,116.45003751702055,103.86107009208271,77.71904715997024,7.419857170586731
2021-11-17 22:20:19,84,6,104.30129904988318,87.01946888746956,115.30333438932706,11.24349439366582
2021-04-25 21:11:15,47,1,86.00056096573232,95.58479258616109,98.67238350988602,8.479503072095268
2022-01-28 01:07:57,48,9,106.23050085767346,105.96590278099653,113.98410999427031,8.540561897489749
2020-01-11 18:23:25,42,1,83.37519916298727,95.72897241361339,102.71411797615389,8.118731461708679
2023-11-12 18:46:15,27,2,106.88946491694058,107.74266760552447,109.52862784748314,9.100592722489132
2023-09-10 11:49:53,58,5,131.38003359926378,105.51103203847424,113.25528558776139,13.788983673406497
2021-06-06 13:13:17,65,9,69.7780574195829,115.83790999248029,78.75688783197927,12.160999737787371
2024-04-18 23:31:25,8,9,116.21959486439047,86.86315977247796,99.63081457864034,12.26625117621646
2024-08-18 22:39:33,4,8,91.07056791149532,114.49956157761632,113.81197365583405,9.46011851794848
2021-06-21 00:22:48,54,4,73.05049048517883,108.82279164579843,100.14485089247786,9.300146716819903
2021-06-03 11:26:44,73,6,125.96567552143007,139.57124235174933,74.68629894329646,10.507139437587698
2023-04-30 13:45:26,36,2,101.99912773115597,86.38446381662419,141.12632140011385,8.644802461720143
2021-10-12 19:01:08,82,7,97.19334789701259,114.8697823711641,65.8070562479459,11.632921942456788
2024-08-12 19:33:36,34,1,90.68755598476737,99.03628300584118,90.06904038942855,11.171411676815397
2023-08-24 14:04:19,36,3,61.82077404804414,102.33352032365772,74.79522451882865,10.000706706660289
2021-12-25 13:25:07,88,8,68.76572857650285,103.19028815386379,86.02250106454217,8.866598709837682
2022-01-14 11:14:23,90,5,98.12443342456929,78.8742790591952,131.67792742312284,9.960461415644092
2022-11-20 16:40:40,22,7,135.36014900966575,94.43295406476459,95.36808500357135,9.29868926549019
2020-12-12 00:38:39,84,3,85.1802438184179,101.70704745321503,71.90645769906796,10.606508807104724
2020-12-02 12:22:05,88,1,93.93876957960653,93.27422974062227,75.43537556473909,10.383915055731556
2024-10-09 17:36:34,21,5,132.70663341505184,80.51265562006489,100.10978506328887,9.870215545484584
2023-08-30 05:26:15,77,4,106.58234608222827,88.59614377859859,116.25814134884746,9.282268710002004
2024-09-06 22:40:55,12,2,85.66857893018616,142.02140031795682,116.4177471361047,11.527512613261143
2023-10-31 02:12:47,89,3,152.58996875634767,75.95632834728909,77.98158076561121,8.899743575466749
2023-11-21 03:07:54,38,4,74.64667521493615,89.27562878781605,93.52822865036744,13.547352032704367
2023-06-18 12:48:08,52,6,110.91182510322709,94.26463873133899,132.2714685950403,17.16527783975035
2020-07-06 06:25:28,5,8,63.555468003262085,76.54029879615965,79.55995048371274,10.878395866636057
2020-08-16 12:03:17,39,4,101.62397053789151,122.46573533837875,67.6949902037216,11.039010759550822
2020-11-22 21:58:35,77,7,107.72000609335898,105.49299222436971,92.27209526824903,7.825489208795997
2024-04-10 21:51:06,21,2,97.22144128970984,135.16282215846556,125.12297346309299,6.48248508173319
2020-07-07 06:26:46,28,3,74.0084625364901,89.97703563509245,80.87442584321379,9.538607542772237
2021-03-01 01:55:34,21,3,105.56958195377373,123.62778508352594,88.58260661023635,7.398144618596151
2021-04-30 15:26:45,19,4,64.25767672088057,112.51173674004913,114.63220235845557,12.791207451005224
2020-05-26 10:57:45,94,1,94.19847250224609,106.27222552754831,99.72991904826708,12.98865613016338
2022-12-23 16:23:16,71,9,107.3620860204016,105.43594433100422,103.24222562532037,12.963218236651333
2021-10-28 01:09:54,71,6,108.44656345332726,77.18177640526906,131.41848412676072,9.700435832117886
2024-05-18 01:01:24,80,2,101.47287771408003,89.8221552490187,133.06467574821852,9.959235826237062
2022-07-17 06:16:39,53,3,133.10019516025136,121.84861146505176,150.09524933069747,11.14297826407515
2020-05-14 13:02:22,58,7,112.07386123367856,147.0623965894688,137.12086952520977,10.368508555176536
2020-11-19 20:20:39,23,1,100.6395577539556,105.68751536380466,91.27759885309212,8.909653673174187
2024-07-07 10:53:00,75,9,114.06506556376007,132.76998205546857,122.15547100658466,9.006223717246385
2020-08-21 05:00:13,44,2,140.6226284685778,97.42030973787884,67.58070693883866,6.508654216934813
2023-10-05 08:02:45,45,7,76.33523668509298,119.27541501508463,124.65740184121893,11.628198537316488
2023-12-03 03:47:13,12,5,120.8917937984515,115.64158363019155,123.47148233309501,9.62618132766707
2023-04-25 21:02:33,25,1,135.28392248334308,64.03331522675303,129.85669340670344,9.175547113718206
2021-12-13 00:44:12,66,3,131.2377964785903,117.52735216530107,100.08766739248387,12.685240764830414
2021-05-30 18:14:52,62,2,119.64315057308539,98.82711985381984,101.77975673216766,11.206249648175765
2023-08-13 15:42:32,82,6,89.62327502801314,106.75444228293662,78.82167420809334,9.523673060787415
2021-05-31 12:00:38,31,6,81.58617784251699,79.7448424942031,85.4015563864436,11.453998002505356
2024-06-18 13:45:52,7,8,86.65516077065897,80.64738516647759,101.70780526623682,8.91223744792103
2023-06-07 16:37:24,70,6,122.75994749322258,101.6811534268463,99.72650223360927,9.943799064207607
2022-08-16 16:53:33,32,2,102.5699319254453,122.40809294853884,87.81865770650406,13.801732824200805
2021-03-07 06:38:27,61,7,117.67297846645332,70.52100234745983,111.85167692919119,9.068652245290941
2024-10-10 10:44:33,67,1,73.65766631996149,98.287510858545,98.77076026920312,7.689812212630985
2020-05-04 19:15:58,48,9,99.33055637458,102.05702848498022,98.60570603995676,9.139769971442197
2022-04-25 02:06:27,1,4,62.09739826648316,87.56862503466182,97.37884248009972,11.34885002997232
2024-08-26 20:29:59,48,2,91.07473815054533,113.86958204089699,95.08417879846343,10.615750657789526
2021-08-10 03:11:21,47,4,94.3550097154665,50.356115844304696,74.04321441013803,13.290003341277735
2024-03-23 10:49:33,62,2,113.22288809811573,72.43676249154731,127.49207455516236,6.707590788054977
2021-07-31 05:42:19,19,9,148.25496501774404,71.93184141261102,102.82541286821049,9.619795369121949
2021-10-11 21:07:15,68,9,86.39862028591506,90.66608443873956,105.68120654825415,9.683464452804358
2022-07-23 23:33:05,2,9,90.84390284004276,157.17392205785245,96.92765916718763,6.789275551056301
2021-07-05 10:57:35,74,2,92.43105729967071,121.26931209373276,92.23376647536833,10.891883201184593
2023-07-16 07:33:22,25,1,77.99152598274281,104.42137824977391,100.8767729057325,9.565805968880028
2021-05-15 20:14:17,36,6,98.05479219973255,137.19737005705215,64.11788075927502,9.809547444075255
2021-08-14 03:03:47,59,7,114.67681085234861,124.33492408582116,100.03095393194268,9.987991788209275
2022-03-23 07:45:04,17,9,82.33706432740621,97.65326914086448,93.60959609804424,11.618502408349492
2021-12-04 04:04:33,3,1,116.53012823510106,64.46882910351454,96.30000001404377,8.973412182657244
2020-10-12 04:17:14,52,6,116.49413471415586,112.05933230564617,105.86988389295763,8.501305131800224
2022-02-17 22:15:40,75,6,136.07399741612193,81.51032411454297,121.80396498202953,12.561571569704412
2020-06-16 23:29:01,42,2,113.77370131862203,112.80529308921383,85.35821429999336,10.047678418018963
2023-10-24 23:25:12,81,4,129.3416080238892,75.18222912882115,132.42215484907516,9.70433819939775
2020-02-10 04:45:39,73,2,88.3357063580523,105.01461030013306,123.25225426273445,10.783200844690127
2024-07-07 17:46:00,89,3,85.50477969749647,101.0716941686331,102.81091610498675,12.076985515621889
2020-12-16 12:08:29,12,7,84.10838976212474,86.55423362229703,112.08907005928756,10.218275857963434
2024-11-01 22:24:19,96,1,99.72190245192668,88.97194263978894,84.90695200617682,10.52060794914168
2022-03-19 01:35:18,55,6,109.44251843266463,83.511870036529,86.59234307234075,11.557496516540272
2024-03-30 12:59:29,85,8,110.69027770348207,115.84607779870294,76.58855665923357,12.152355708804201
2023-11-24 08:34:25,98,7,115.10612610160341,69.66466912808474,66.46763897389043,11.718257968226043
2023-02-28 08:28:17,21,5,93.81096781565067,95.50798754006158,115.01438820833589,10.219392268940345
2024-01-18 14:45:16,17,1,105.70037230270577,102.29800292513806,112.29549045549521,13.101458731953102
2021-11-14 07:26:35,61,2,76.51790104334785,97.45869780623408,100.83955909718786,11.06342088819538
2020-06-23 03:57:52,82,9,57.86831355880837,110.58447269913555,99.90358733420972,12.562036818668696
2022-02-15 17:28:25,9,9,71.75076438739971,40.82497041018254,109.89143391931107,10.629985744621468
2024-09-20 02:39:55,33,6,102.86455750164382,108.4982910481481,89.91654345758951,6.997485184098995
2020-04-03 19:17:04,33,1,123.66405965026405,133.6721125160973,97.99094894528254,6.7679023295294165
2022-08-22 02:39:11,20,6,97.69970996352187,76.01750137059486,100.21377911973055,7.940835898081483
2020-04-24 20:58:32,38,7,139.05805403600584,86.52103665775677,81.63713249422285,9.916620646734241
2020-04-27 18:09:07,54,9,88.91359110532498,96.76617156728405,119.68964219925917,9.567284539815383
2021-06-28 16:48:16,16,8,108.17275749077544,102.74118574424168,149.9177293137826,10.131716089402564
2023-03-31 22:20:06,18,6,135.20700510101898,112.63950463318,86.27104584135029,10.684011282323864
2020-10-12 22:20:50,45,2,92.3059868196611,116.713583411448,72.34095321587013,8.427025717456438
2024-06-17 08:30:44,62,5,117.9349589314515,106.49444450502578,78.55513897982213,11.575053143559824
2020-01-31 17:24:18,69,1,130.97400123288398,79.32541043563077,118.92197882079893,14.386601012061941
2024-12-05 04:58:59,36,8,95.10268311735705,96.26575339019038,104.79995250666272,5.550793722621442
2020-08-05 10:34:21,3,9,88.96103837951418,81.37677280167,118.79930943712628,8.939086917238312
2020-09-25 19:56:24,58,8,92.23327137340334,86.47583676808902,98.49806308626317,12.043171826600844
2024-01-19 03:34:18,5,7,93.88944395407194,123.68706207506,101.49778758575418,9.845229047070369
2022-12-30 16:07:36,65,8,72.33904792427359,85.08374511532016,124.31230171452084,10.873338830977614
2023-02-11 16:52:19,56,7,98.50346699011952,71.81023263803033,123.33561506595365,8.591740055495174
2023-05-31 22:00:35,8,6,107.08058421812768,102.52558156152818,97.92191955643577,9.801482377893763
2022-12-05 15:25:10,55,9,134.97615828522342,86.41624329527275,143.057537226118,8.875552772417173
2021-06-12 07:47:11,30,4,88.3223113869611,75.32560055682023,99.0636111271255,9.89377642508084
2020-08-30 08:20:44,28,6,96.13196653838887,85.85291606122274,125.83895200704573,14.687581453925148
2024-08-23 07:18:15,76,8,140.12691559134117,116.09403150269216,101.25010560207451,10.522265151729302
2024-05-05 01:53:20,49,6,95.39073327201359,102.28411805478112,117.52268825738436,9.88665347600145
2023-09-03 19:29:55,20,4,122.68359622997185,79.2898025833648,95.58948157134398,9.84083468084263
2021-08-23 06:47:35,32,2,82.82813543613585,122.99985510952209,105.0710741452833,13.290619830231195
2020-09-04 18:52:56,28,6,65.93282834321167,104.12891169648468,98.56925322221312,11.473586632035484
2023-06-27 17:22:55,38,3,101.70229143165841,88.35282397499157,110.28137175869956,8.676843343195594
2022-04-01 14:47:53,50,4,129.74421701364832,97.97991443853311,70.64413426205654,8.172075773751363
2024-08-16 20:43:22,23,6,87.28107802595298,92.53143898064828,85.67148513921077,7.99508428818012
2021-04-27 18:17:53,81,2,81.18318429604179,109.94158295736409,106.92716332059814,6.833986776447274
2024-08-31 16:08:15,27,9,98.82732840175574,113.30314331309191,103.67607022162463,9.816142171076367
2024-06-01 02:46:32,24,9,105.72403804274398,122.4661035248794,72.60476953218877,13.35162335038489
2021-05-02 19:27:57,39,1,93.67396733557074,82.8086063155009,122.48236891629257,8.575686990232105
2024-06-19 11:00:29,77,5,94.69470291774516,142.702188840202,97.1772704244006,11.339939481978409
2024-01-13 06:26:25,54,8,86.45111050785391,75.69033240180623,60.50513976703563,5.425693568302364
2024-02-27 14:51:46,47,5,90.68187365371752,69.74062276112512,93.83567036064764,10.471205108650901
2023-12-12 18:05:55,40,8,124.68080292000305,101.98016758151061,102.53291230480121,11.867399158829294
2024-05-31 09:51:45,43,8,85.93883614597351,81.81805407488469,130.9447094832834,11.016996531952802
2020-08-09 10:10:00,65,2,102.75745844585161,105.38398648731734,115.58964346050428,12.8034344394873
2020-05-31 20:11:50,80,5,72.5506571451013,116.85762136304278,95.76590827242116,10.169530659409705
2022-06-01 17:20:39,73,9,84.58250562146912,109.06517068317913,87.94735187292198,11.06053190021819
2023-03-20 12:01:16,31,9,110.80239691988326,100.14257002615685,104.82815414548088,11.449414609489493
2022-02-17 09:55:43,54,9,100.61821379536005,58.58701460780618,154.31560515403515,7.418952646332514
2023-02-28 17:26:54,72,7,105.56772933560745,133.55714357140772,94.53482403619195,9.555889002647554
2023-12-22 20:49:09,9,3,72.67316113039666,50.335516166283384,97.29708197328755,11.042831098840832
2024-11-26 17:29:58,55,2,150.7887391328308,117.37703811184986,95.96158311833861,8.846899733380106
2020-05-13 06:57:45,17,8,112.78166148183325,120.56968817196167,63.53801343013742,12.290977084219065
2024-10-03 05:12:22,39,6,99.27178134206247,113.59682968088747,82.0736267501827,12.461343334480581
2024-05-12 22:47:38,74,7,126.20380575794863,121.78360456804685,104.05382049583099,8.251465850973569
2022-07-09 12:10:37,70,2,73.51433287140152,102.28636352419605,108.74755179350447,11.274100286317669
2020-05-09 17:36:42,76,6,140.53458314834975,117.54226365335884,116.03402554064151,8.465045472454051
2023-06-23 22:21:17,63,2,99.78939857986873,82.60852485888152,106.0380697868778,10.767439317254524
2020-08-28 20:56:37,19,3,98.99578534470108,122.4132205307078,100.44420368302829,10.235540661374017
2020-06-12 22:08:11,10,9,105.03354080660952,83.64068212193806,103.30466949597492,8.204035688491247
2021-01-19 03:59:09,33,3,117.06738492496103,128.67093834242888,134.43175870948753,10.375306604570829
2022-08-28 22:19:34,29,5,121.66134983292964,136.02187177357192,125.75012223953291,10.364399532952566
2024-03-22 00:30:18,8,7,90.30416685757264,96.09221410504172,105.17376280803639,12.107084694696965
2020-07-22 16:33:02,4,9,103.61429839172622,88.11541916285476,105.68305189750669,10.212860592432172
2020-06-08 01:19:31,5,4,79.08788944988578,90.97314906698875,96.5339863532527,13.28142604638765
2021-04-27 04:23:36,59,3,61.594064761782754,92.97577730336813,104.00482082278295,12.9473055990368
2021-10-03 05:54:26,72,8,113.4525870964989,81.52886216446777,106.62239682078706,10.003023511091373
2020-07-22 07:04:33,37,6,94.84148714560763,76.74861969118851,88.3410670888233,14.35048108267225
2023-06-29 22:36:06,62,6,37.51671476440027,125.00181082776805,105.39868344974252,5.9974653422368975
2020-11-23 18:39:56,81,8,80.81905515558162,54.78985643636708,120.99204549292182,7.421437254869807
2023-02-06 01:26:09,17,4,119.23334755524039,57.249196422363376,89.13243010827448,10.806883026686167
2020-04-28 08:33:44,18,3,118.14112662285976,120.18743667095696,98.74538984200623,7.983988155544943
2023-07-16 09:44:37,55,1,78.94406229297422,114.13419234793783,89.45898069791113,9.982090209965808
2022-07-25 13:48:39,95,8,112.97214288012003,104.47700275768872,136.06890767482417,8.930374185227992
2024-12-15 18:49:56,28,8,93.27157274563389,64.91548944064263,118.1203310858157,16.048773223897005
2021-06-19 13:42:34,7,2,69.36343669626966,105.13125377069193,92.76263206781012,10.13977653663112
2024-12-20 23:56:30,89,5,93.81633237426539,81.45300840280717,115.78800811134109,9.789435227609754
2021-11-27 17:09:23,2,8,82.65314613778122,105.57605397939417,88.42030856804267,7.691026928856649
2022-11-07 15:22:10,70,1,97.1627400117356,125.25661461010452,103.48319355865061,11.178431447048288
2021-03-27 00:37:23,64,8,99.25213387346855,81.56813694141191,85.39148642528576,8.756275299533861
2022-02-21 10:02:46,64,8,94.07911403958525,110.82624675091716,112.9958807243334,11.238551471499845
2022-04-08 20:11:16,16,5,34.092842522067926,118.71479305029159,96.37685613948724,13.384672752787694
2022-10-08 08:03:09,76,5,103.0603073415947,80.96150519782825,86.36694128864241,13.059140040681008
2024-07-03 18:00:32,14,4,74.41613176470284,69.15505863097098,96.56429152844629,10.036389062156093
2020-04-21 17:03:35,35,6,112.19982073733621,91.78095954538206,137.49704539906062,7.473314151938327
2024-03-30 14:53:24,84,4,60.838194627498765,99.73672844436275,136.45374430195852,9.132646645269928
2022-04-05 21:48:31,61,5,93.89448704435507,79.50421536087235,111.2122070745942,10.493880493981738
2024-01-20 07:47:08,41,1,104.20405330969975,84.51785031916815,126.87393962463457,9.82580939619177
2023-07-15 22:42:17,93,7,97.48460327833277,90.41815335778898,85.00197612638442,10.192703873087986
2022-03-04 04:52:29,28,7,70.70820651328316,100.84702272734789,76.8806391673042,11.22315520054047
2022-09-11 03:33:41,37,9,99.51008726173278,109.13446309271943,108.8920977522839,7.910305076865811
2020-10-24 22:43:47,14,4,117.86463788916124,70.94048228791557,128.74483026308823,12.14826489293711
2022-05-24 00:06:28,4,8,88.82862007217017,124.5948492770257,129.0331600672344,8.95088904603653
2020-06-06 19:47:15,65,7,114.08727000074339,117.71331877724128,123.05294953739752,7.757367138942154
2021-09-05 00:24:53,74,6,113.69074984960605,76.2026030668223,64.21294793533161,8.209933431708809
2022-07-10 03:46:56,96,6,68.47725899897,111.32548072280198,104.3623491034263,9.758096459238322
2023-07-15 19:59:18,13,2,99.1068080118912,89.71885803906565,56.191443038919466,11.176922966310908
2020-07-24 21:47:16,88,1,97.80781259727863,95.62321201825324,67.67675063898497,10.649832672143349
2020-10-12 05:12:32,44,3,102.75082870221871,67.06955604784271,89.08249119775545,12.602566274963523
2021-11-19 14:32:44,22,4,114.30423267480056,97.26579133589024,101.93203820123487,5.677496640736488
2020-06-08 23:47:27,29,8,72.02536118689548,92.29040315694286,92.16956762981711,6.042138528066083
2020-04-22 10:35:04,87,1,104.820848479785,135.69614751589828,49.07581222717467,10.844810004154052
2020-01-02 16:02:45,2,5,70.13631727362457,144.17044630683665,132.88952152165524,12.58769657065249
2021-01-28 07:39:35,70,4,130.94784821806053,104.18709086387327,125.72785785800245,10.770618752130744
2020-07-31 00:36:57,32,5,111.00992652358431,105.86191665925854,89.28085296699342,9.899251955069628
2022-01-10 10:04:18,75,1,108.42050545853205,100.27586002858543,87.61491392302828,9.31178403117109
2020-07-16 04:18:29,17,6,114.66684268542693,93.34524790480302,105.40506075772645,11.029480011715098
